Meme ID,Archived URL,Base Meme Name,Meme Page URL,MD5 Hash,File Size (In Bytes)
10509464,http://webarchive.loc.gov/all/20150508184553/http://cdn.meme.am/instances/10509464.jpg,Spiderman Approves,http://memegenerator.net/instance/10509464,5be4b65cc32d3a57be5b6693bb519155,24093
12285257,http://webarchive.loc.gov/all/20151216064120/http://cdn.meme.am/instances/12285257.jpg,Alright Then Business Kid,http://memegenerator.net/instance/12285257,e2eef6626b3fdb369df23a5fabd99df4,25513
20612245,http://webarchive.loc.gov/all/20160410182724/http://cdn.meme.am/instances/20612245.jpg,Archer,http://memegenerator.net/instance/20612245,a6b7db4574325013f05bf1aabdcaeded,31157
20614628,http://webarchive.loc.gov/all/20160227020903/http://cdn.meme.am/instances/20614628.jpg,Futurama Fry,http://webarchive.loc.gov/all/0/http://memegenerator.net/instance/20614628,be75a0451f607d65df43813257d90f7a,50056
24194267,http://webarchive.loc.gov/all/20160627212611/https://cdn.meme.am/instances/24194267.jpg,One Does Not Simply,http://memegenerator.net/instance/24194267,2437b5ae9c4741c2e6f249f3f731dee2,24209
10178734,http://webarchive.loc.gov/all/20150519052929/http://cdn.meme.am/instances/250x250/10178734.jpg,Insanity Wolf,http://webarchive.loc.gov/all/0/http://memegenerator.net/instance/10178734,48f29b8e1db4954abd1e8eb13041722d,13539
10178750,http://webarchive.loc.gov/all/20151123082911/http://cdn.meme.am/instances/250x250/10178750.jpg,Butthurt Dweller,http://webarchive.loc.gov/all/0/http://memegenerator.net/instance/10178750,53754412fc3910dd5e199018e75b9166,9890
10178758,http://webarchive.loc.gov/all/20151211163533/http://cdn.meme.am/instances/250x250/10178758.jpg,Philosoraptor,http://webarchive.loc.gov/all/0/http://memegenerator.net/instance/10178758,814b8c245865a78ab9cb07f86bb04bc1,14431
10178763,http://webarchive.loc.gov/all/20151123082907/http://cdn.meme.am/instances/250x250/10178763.jpg,Butthurt Dweller,http://webarchive.loc.gov/all/0/http://memegenerator.net/instance/10178763,9d1712a58a916a8c3ee474740891f9e8,12160
10178766,http://webarchive.loc.gov/all/20151204225209/http://cdn.meme.am/instances/250x250/10178766.jpg,Foul Bachelor Frog,http://webarchive.loc.gov/all/0/http://memegenerator.net/instance/10178766,1870bd6ebd3534a1212d72da52b7331f,12596
10178770,http://webarchive.loc.gov/all/20151211163530/http://cdn.meme.am/instances/250x250/10178770.jpg,Philosoraptor,http://webarchive.loc.gov/all/0/http://memegenerator.net/instance/10178770,814b8c245865a78ab9cb07f86bb04bc1,14431
10178776,http://webarchive.loc.gov/all/20151204225205/http://cdn.meme.am/instances/250x250/10178776.jpg,Foul Bachelor Frog,http://webarchive.loc.gov/all/0/http://memegenerator.net/instance/10178776,3333d2823307464199608f0c56349565,14258
10178785,http://webarchive.loc.gov/all/20151204225201/http://cdn.meme.am/instances/250x250/10178785.jpg,Foul Bachelor Frog,http://webarchive.loc.gov/all/0/http://memegenerator.net/instance/10178785,4eff45adf85b3d9bcb39b4cb19c14bdf,10360
10178788,http://webarchive.loc.gov/all/20151211163526/http://cdn.meme.am/instances/250x250/10178788.jpg,Philosoraptor,http://webarchive.loc.gov/all/0/http://memegenerator.net/instance/10178788,814b8c245865a78ab9cb07f86bb04bc1,14431
10178798,http://webarchive.loc.gov/all/20150910083704/http://cdn.meme.am/instances/250x250/10178798.jpg,Chemistry Cat,http://webarchive.loc.gov/all/0/http://memegenerator.net/instance/10178798,ac412ba7c734558728f026ffd7609abd,16589
10178837,http://webarchive.loc.gov/all/20151204225158/http://cdn.meme.am/instances/250x250/10178837.jpg,Foul Bachelor Frog,http://webarchive.loc.gov/all/0/http://memegenerator.net/instance/10178837,5283258df5ef07dacb189afc2e95ea6f,14311
10178888,http://webarchive.loc.gov/all/20151207050455/http://cdn.meme.am/instances/250x250/10178888.jpg,Joseph Ducreux,http://webarchive.loc.gov/all/0/http://memegenerator.net/instance/10178888,0eb6b3e9b5be3770d59fb2fd1b670a33,13671
10178897,http://webarchive.loc.gov/all/20151127151621/http://cdn.meme.am/instances/250x250/10178897.jpg,first world problems,http://webarchive.loc.gov/all/0/http://memegenerator.net/instance/10178897,fb98dbc13d686666ffac396905a575db,9990
10178908,http://webarchive.loc.gov/all/20151127151616/http://cdn.meme.am/instances/250x250/10178908.jpg,first world problems,http://webarchive.loc.gov/all/0/http://memegenerator.net/instance/10178908,d75a5974168441d8c9cac0d2325490e5,9822
10178914,http://webarchive.loc.gov/all/20150914175314/http://cdn.meme.am/instances/250x250/10178914.jpg,Success Kid,http://webarchive.loc.gov/all/0/http://memegenerator.net/instance/10178914,2605fd4d46889142b61aee2a6f490ba7,9550
10178947,http://webarchive.loc.gov/all/20151130030718/http://cdn.meme.am/instances/250x250/10178947.jpg,Y U No,http://webarchive.loc.gov/all/0/http://memegenerator.net/instance/10178947,4b810ca183e6b5e58a19e21882449db0,11070
10178965,http://webarchive.loc.gov/all/20150910125557/http://cdn.meme.am/instances/250x250/10178965.jpg,Anxiety Cat,http://webarchive.loc.gov/all/0/http://memegenerator.net/instance/10178965,fde3d8076b522ff0fb46be61d7b64ff1,13186
10178967,http://webarchive.loc.gov/all/20150520065420/http://cdn.meme.am/instances/250x250/10178967.jpg,Socially Awkward Penguin,http://webarchive.loc.gov/all/0/http://memegenerator.net/instance/10178967,dabbb8cfd947d87966df40480a53dfbf,9777
10178983,http://webarchive.loc.gov/all/20151204225154/http://cdn.meme.am/instances/250x250/10178983.jpg,Foul Bachelor Frog,http://webarchive.loc.gov/all/0/http://memegenerator.net/instance/10178983,fe3b3d55923b464c5c3dac8f551c7285,14544
10178994,http://webarchive.loc.gov/all/20151207115908/http://cdn.meme.am/instances/250x250/10178994.jpg,Futurama Fry,http://webarchive.loc.gov/all/0/http://memegenerator.net/instance/10178994,75a06d6ac1a2e3376cb17e6db73af44f,11592
10178995,http://webarchive.loc.gov/all/20150508222253/http://cdn.meme.am/instances/250x250/10178995.jpg,Yo Dawg,http://webarchive.loc.gov/all/0/http://memegenerator.net/instance/10178995,6f70d73244e534774f832bf553644fec,11827
10179010,http://webarchive.loc.gov/all/20151204225150/http://cdn.meme.am/instances/250x250/10179010.jpg,Foul Bachelor Frog,http://webarchive.loc.gov/all/0/http://memegenerator.net/instance/10179010,fe3b3d55923b464c5c3dac8f551c7285,14544
10179019,http://webarchive.loc.gov/all/20151207115902/http://cdn.meme.am/instances/250x250/10179019.jpg,Futurama Fry,http://webarchive.loc.gov/all/0/http://memegenerator.net/instance/10179019,c10f05b997fde8bdf8a4b7b7128176a6,13238
10179023,http://webarchive.loc.gov/all/20151211163522/http://cdn.meme.am/instances/250x250/10179023.jpg,Philosoraptor,http://webarchive.loc.gov/all/0/http://memegenerator.net/instance/10179023,337c75d6864dddf25e997f0bfe304e44,13824
10179030,http://webarchive.loc.gov/all/20150312233242/http://cdn.meme.am/instances/250x250/10179030.jpg,Venger,http://webarchive.loc.gov/all/0/http://memegenerator.net/instance/10179030,7eba9e076e578398a28e2486caa246d1,11219
10179034,http://webarchive.loc.gov/all/20150609093230/http://cdn.meme.am/instances/250x250/10179034.jpg,roleplayercat,http://webarchive.loc.gov/all/0/http://memegenerator.net/instance/10179034,1d59060af46a667d411875d45d3a6979,10278
10179067,http://webarchive.loc.gov/all/20151211163518/http://cdn.meme.am/instances/250x250/10179067.jpg,Philosoraptor,http://webarchive.loc.gov/all/0/http://memegenerator.net/instance/10179067,9d30d4bd421d699c0158b3c59b43876c,14452
10179070,http://webarchive.loc.gov/all/20160612164751/https://cdn.meme.am/instances/250x250/10179070.jpg,Science Major Mouse,http://memegenerator.net/instance/10179070,64d634fc0112fe77d5b7843d926a3c86,11308
10179086,http://webarchive.loc.gov/all/20150508222250/http://cdn.meme.am/instances/250x250/10179086.jpg,Yo Dawg,http://webarchive.loc.gov/all/0/http://memegenerator.net/instance/10179086,181d186812143d587a4efffa9e9c80eb,12096
10179093,http://webarchive.loc.gov/all/20150312233246/http://cdn.meme.am/instances/250x250/10179093.jpg,Never Alone Guy,http://webarchive.loc.gov/all/0/http://memegenerator.net/instance/10179093,06933f19dd49954b02267a1c500f38f9,12641
10179099,http://webarchive.loc.gov/all/20150819150142/http://cdn.meme.am/instances/250x250/10179099.jpg,Insanity Wolf,http://webarchive.loc.gov/all/0/http://memegenerator.net/instance/10179099,ec8815aa6cc0dd534df22a94c136c954,13570
10179119,http://webarchive.loc.gov/all/20151130030711/http://cdn.meme.am/instances/250x250/10179119.jpg,Y U No,http://webarchive.loc.gov/all/0/http://memegenerator.net/instance/10179119,3d0356a263e1a1f303b4379ee72fa5b4,7820
10179127,http://webarchive.loc.gov/all/20160808142931/https://cdn.meme.am/instances/250x250/10179127.jpg,Foul Bachelor Frog,http://webarchive.loc.gov/all/0/http://memegenerator.net/instance/10179127,918b56f85a4e00b74c25f804289f396d,10359
10179132,http://webarchive.loc.gov/all/20150715001209/http://cdn.meme.am/instances/250x250/10179132.jpg,Business Cat,http://webarchive.loc.gov/all/0/http://memegenerator.net/instance/10179132,63784edc5743f67f28817dd084ba4f95,14243
10179134,http://webarchive.loc.gov/all/20151202155056/http://cdn.meme.am/instances/250x250/10179134.jpg,Socially Awkward Penguin,http://webarchive.loc.gov/all/0/http://memegenerator.net/instance/10179134,c6ad22f9e18041564745e77845e29f3b,9144
10179175,http://webarchive.loc.gov/all/20150819150133/http://cdn.meme.am/instances/250x250/10179175.jpg,Insanity Wolf,http://webarchive.loc.gov/all/0/http://memegenerator.net/instance/10179175,2736cd2c5a50c6c65f823c087c58a68a,15112
10179201,http://webarchive.loc.gov/all/20151207115856/http://cdn.meme.am/instances/250x250/10179201.jpg,Futurama Fry,http://webarchive.loc.gov/all/0/http://memegenerator.net/instance/10179201,5a64d65235c98c1198c33bf3dafcb070,12536
10179216,http://webarchive.loc.gov/all/20160611131350/https://cdn.meme.am/instances/250x250/10179216.jpg,Tennisyst,http://webarchive.loc.gov/all/0/http://memegenerator.net/instance/10179216,a58d951194a077b5b82a03f971a24c66,10563
10179222,http://webarchive.loc.gov/all/20150519052926/http://cdn.meme.am/instances/250x250/10179222.jpg,Insanity Wolf,http://webarchive.loc.gov/all/0/http://memegenerator.net/instance/10179222,5b5de01a4cf69053854b758926a43650,13682
10179224,http://webarchive.loc.gov/all/20151130030706/http://cdn.meme.am/instances/250x250/10179224.jpg,Y U No,http://webarchive.loc.gov/all/0/http://memegenerator.net/instance/10179224,be8d572b0c697e6355f2de0aea182750,11002
10179243,http://webarchive.loc.gov/all/20151130030700/http://cdn.meme.am/instances/250x250/10179243.jpg,Y U No,http://webarchive.loc.gov/all/0/http://memegenerator.net/instance/10179243,4d4828e213d61cc8baf4af7c965e17da,10272
10179277,http://webarchive.loc.gov/all/20151207050450/http://cdn.meme.am/instances/250x250/10179277.jpg,Joseph Ducreux,http://webarchive.loc.gov/all/0/http://memegenerator.net/instance/10179277,5692f5ae22f49824e19189a2035c7490,15374
10179279,http://webarchive.loc.gov/all/20151130030652/http://cdn.meme.am/instances/250x250/10179279.jpg,Y U No,http://webarchive.loc.gov/all/0/http://memegenerator.net/instance/10179279,231ff556891ce2636c386338401ad987,10153
10179289,http://webarchive.loc.gov/all/20151130030647/http://cdn.meme.am/instances/250x250/10179289.jpg,Y U No,http://webarchive.loc.gov/all/0/http://memegenerator.net/instance/10179289,a124ca9bba3a02e5f7554ea5b8b7329b,13171
10179292,http://webarchive.loc.gov/all/20150909233758/http://cdn.meme.am/instances/250x250/10179292.jpg,Annoying Facebook Girl,http://webarchive.loc.gov/all/0/http://memegenerator.net/instance/10179292,c6c7f16f4d21b8b661002c8b448870da,12333
10179303,http://webarchive.loc.gov/all/20150909233755/http://cdn.meme.am/instances/250x250/10179303.jpg,Annoying Facebook Girl,http://webarchive.loc.gov/all/0/http://memegenerator.net/instance/10179303,c6c7f16f4d21b8b661002c8b448870da,12333
10179322,http://webarchive.loc.gov/all/20150819150130/http://cdn.meme.am/instances/250x250/10179322.jpg,Insanity Wolf,http://webarchive.loc.gov/all/0/http://memegenerator.net/instance/10179322,773051cb0e9b2ef9fa16985c9171ade8,14532
10179347,http://webarchive.loc.gov/all/20151125071913/http://cdn.meme.am/instances/250x250/10179347.jpg,Fat Girl,http://webarchive.loc.gov/all/0/http://memegenerator.net/instance/10179347,98cba4698b588f91e3a2b8655eedef19,11318
10179360,http://webarchive.loc.gov/all/20150715001205/http://cdn.meme.am/instances/250x250/10179360.jpg,Business Cat,http://webarchive.loc.gov/all/0/http://memegenerator.net/instance/10179360,3e99caf70b4bd040df2a18a98b2a1333,13517
10179404,http://webarchive.loc.gov/all/20150909233753/http://cdn.meme.am/instances/250x250/10179404.jpg,Annoying Facebook Girl,http://webarchive.loc.gov/all/0/http://memegenerator.net/instance/10179404,fdd5c715d8c9b824ea0cd9cc123cab2d,11757
10179414,http://webarchive.loc.gov/all/20151203033434/http://cdn.meme.am/instances/250x250/10179414.jpg,Joseph Ducreux,http://webarchive.loc.gov/all/0/http://memegenerator.net/instance/10179414,e6f3a56f489d2692bf393a809d9bb4b7,11595
10179437,http://webarchive.loc.gov/all/20150819150127/http://cdn.meme.am/instances/250x250/10179437.jpg,Insanity Wolf,http://webarchive.loc.gov/all/0/http://memegenerator.net/instance/10179437,0424f315311bcc6d92c8958d290322c5,15020
10179440,http://webarchive.loc.gov/all/20150517213648/http://cdn.meme.am/instances/250x250/10179440.jpg,Y U No,http://webarchive.loc.gov/all/0/http://memegenerator.net/instance/10179440,8656719e4f01a53e849fe73f80534e66,12623
10179445,http://webarchive.loc.gov/all/20150819150123/http://cdn.meme.am/instances/250x250/10179445.jpg,Insanity Wolf,http://webarchive.loc.gov/all/0/http://memegenerator.net/instance/10179445,6d7c37cbb7e0eb41d1ae945001a9790b,14781
10179446,http://webarchive.loc.gov/all/20150517213645/http://cdn.meme.am/instances/250x250/10179446.jpg,Y U No,http://webarchive.loc.gov/all/0/http://memegenerator.net/instance/10179446,cd272f4c61ea118e60e2bf2466d562af,12651
10179488,http://webarchive.loc.gov/all/20150312233251/http://cdn.meme.am/instances/250x250/10179488.jpg,Russian Boozer,http://webarchive.loc.gov/all/0/http://memegenerator.net/instance/10179488,8c99b3185cbbcf70591ae806106287da,23090
10179507,http://webarchive.loc.gov/all/20150517213642/http://cdn.meme.am/instances/250x250/10179507.jpg,Y U No,http://webarchive.loc.gov/all/0/http://memegenerator.net/instance/10179507,6cf93faf37dfeae993bafc10cf0f0a61,9683
10179520,http://webarchive.loc.gov/all/20150517213639/http://cdn.meme.am/instances/250x250/10179520.jpg,Y U No,http://webarchive.loc.gov/all/0/http://memegenerator.net/instance/10179520,af35192be92a2ff572728eaf3624b003,10147
10179524,http://webarchive.loc.gov/all/20141010135622/http://cdn.meme.am/instances/250x250/10179524.jpg,Kenita,http://webarchive.loc.gov/all/0/http://memegenerator.net/instance/10179524,2ad895a1173aad64d5e3e39d10b40176,16380
10179527,http://webarchive.loc.gov/all/20151206191831/http://cdn.meme.am/instances/250x250/10179527.jpg,Socially Awkward Penguin,http://webarchive.loc.gov/all/0/http://memegenerator.net/instance/10179527,6b4f53619f3df9af94aba3c7c5419028,13580
10179528,http://webarchive.loc.gov/all/20151205115905/http://cdn.meme.am/instances/250x250/10179528.jpg,sunny_student,http://webarchive.loc.gov/all/0/http://memegenerator.net/instance/10179528,c706f00bcdca91cadbdf4c6d55545d35,11814
10179537,http://webarchive.loc.gov/all/20150517213636/http://cdn.meme.am/instances/250x250/10179537.jpg,Y U No,http://webarchive.loc.gov/all/0/http://memegenerator.net/instance/10179537,a11a7e3a7f1c14aa6622a6b58ead485e,9796
10179542,http://webarchive.loc.gov/all/20151126073807/http://cdn.meme.am/instances/250x250/10179542.jpg,Advice Hitler,http://webarchive.loc.gov/all/0/http://memegenerator.net/instance/10179542,0753886f501e73cb032f36605373fe10,11384
10179547,http://webarchive.loc.gov/all/20150517213633/http://cdn.meme.am/instances/250x250/10179547.jpg,Y U No,http://webarchive.loc.gov/all/0/http://memegenerator.net/instance/10179547,070f4ca07daecd5de82bd8da214a584e,9777
10179556,http://webarchive.loc.gov/all/20150610054348/http://cdn.meme.am/instances/250x250/10179556.jpg,Wrong Lyrics Christina Aguilera,http://memegenerator.net/instance/10179556,db64896cf730539bd8632036d5d41ad3,11896
10179566,http://webarchive.loc.gov/all/20151203033431/http://cdn.meme.am/instances/250x250/10179566.jpg,Joseph Ducreux,http://webarchive.loc.gov/all/0/http://memegenerator.net/instance/10179566,64300baa3c9eb5400ddae29af6f110b0,11722
10179569,http://webarchive.loc.gov/all/20151203033423/http://cdn.meme.am/instances/250x250/10179569.jpg,Joseph Ducreux,http://webarchive.loc.gov/all/0/http://memegenerator.net/instance/10179569,64300baa3c9eb5400ddae29af6f110b0,11722
10179572,http://webarchive.loc.gov/all/20151203033419/http://cdn.meme.am/instances/250x250/10179572.jpg,Joseph Ducreux,http://webarchive.loc.gov/all/0/http://memegenerator.net/instance/10179572,64300baa3c9eb5400ddae29af6f110b0,11722
10179584,http://webarchive.loc.gov/all/20151123082902/http://cdn.meme.am/instances/250x250/10179584.jpg,Butthurt Dweller,http://webarchive.loc.gov/all/0/http://memegenerator.net/instance/10179584,8c3653020cde2361f90805a3947805b1,10008
10179597,http://webarchive.loc.gov/all/20150315130225/http://cdn.meme.am/instances/250x250/10179597.jpg,Good Guy Greg,http://webarchive.loc.gov/all/0/http://memegenerator.net/instance/10179597,030171fdf352d5451e5a1a048e55f8ec,10922
10179603,http://webarchive.loc.gov/all/20150315130220/http://cdn.meme.am/instances/250x250/10179603.jpg,Good Guy Greg,http://webarchive.loc.gov/all/0/http://memegenerator.net/instance/10179603,af413e549565c1a5acc7934ed1dbdfdd,12047
10179615,http://webarchive.loc.gov/all/20141012050422/http://cdn.meme.am/instances/250x250/10179615.jpg,Professor Oak,http://memegenerator.net/instance/10179615,64237d4f8ccc1e4e15d97a311733ed97,15877
10179664,http://webarchive.loc.gov/all/20150517213630/http://cdn.meme.am/instances/250x250/10179664.jpg,Y U No,http://webarchive.loc.gov/all/0/http://memegenerator.net/instance/10179664,58d38b636b8f4f15637a679453b3e633,11378
10179669,http://webarchive.loc.gov/all/20150517213626/http://cdn.meme.am/instances/250x250/10179669.jpg,Y U No,http://webarchive.loc.gov/all/0/http://memegenerator.net/instance/10179669,0ed7c801e31a7da115272e25a7872d19,11171
10179675,http://webarchive.loc.gov/all/20151202155053/http://cdn.meme.am/instances/250x250/10179675.jpg,Socially Awkward Penguin,http://webarchive.loc.gov/all/0/http://memegenerator.net/instance/10179675,18c5b79a2393cd49ee47e4f4862004b9,10120
10179686,http://webarchive.loc.gov/all/20150613000948/http://cdn.meme.am/instances/250x250/10179686.jpg,Spongebob,http://memegenerator.net/instance/10179686,b15d30a11756b7c5be1b3be813a216ef,9735
10179689,http://webarchive.loc.gov/all/20151126073803/http://cdn.meme.am/instances/250x250/10179689.jpg,Advice Hitler,http://webarchive.loc.gov/all/0/http://memegenerator.net/instance/10179689,e9f7cac681c5075ba14f26bcd1c3f757,11951
10179690,http://webarchive.loc.gov/all/20150517213622/http://cdn.meme.am/instances/250x250/10179690.jpg,Y U No,http://webarchive.loc.gov/all/0/http://memegenerator.net/instance/10179690,0ed7c801e31a7da115272e25a7872d19,11171
10179725,http://webarchive.loc.gov/all/20151213153122/http://cdn.meme.am/instances/250x250/10179725.jpg,Forever Alone,http://webarchive.loc.gov/all/0/http://memegenerator.net/instance/10179725,fc8b7dbdbbc412d189d2bfb79c48741a,9310
10179757,http://webarchive.loc.gov/all/20151202155049/http://cdn.meme.am/instances/250x250/10179757.jpg,Socially Awkward Penguin,http://webarchive.loc.gov/all/0/http://memegenerator.net/instance/10179757,842902545e411a791952f9aa559053bb,11863
10179769,http://webarchive.loc.gov/all/20150909233749/http://cdn.meme.am/instances/250x250/10179769.jpg,Annoying Facebook Girl,http://webarchive.loc.gov/all/0/http://memegenerator.net/instance/10179769,1873717caf80a9b568a05fe2f712877d,12285
10179775,http://webarchive.loc.gov/all/20151202155047/http://cdn.meme.am/instances/250x250/10179775.jpg,Socially Awkward Penguin,http://webarchive.loc.gov/all/0/http://memegenerator.net/instance/10179775,5c9a18629a34c9a96905379227765daf,10549
10179780,http://webarchive.loc.gov/all/20151203033416/http://cdn.meme.am/instances/250x250/10179780.jpg,Joseph Ducreux,http://webarchive.loc.gov/all/0/http://memegenerator.net/instance/10179780,35ad54f9897bec9c14dcb5fc5f550614,13294
10179797,http://webarchive.loc.gov/all/20151202155045/http://cdn.meme.am/instances/250x250/10179797.jpg,Socially Awkward Penguin,http://webarchive.loc.gov/all/0/http://memegenerator.net/instance/10179797,0fff65c9a605fd5bac821fc0d7976c72,10261
10179808,http://webarchive.loc.gov/all/20150913195520/http://cdn.meme.am/instances/250x250/10179808.jpg,Futurama Fry,http://webarchive.loc.gov/all/0/http://memegenerator.net/instance/10179808,3bfa8dc082cceef133c1258e7b96c6fc,13299
10179853,http://webarchive.loc.gov/all/20150914175312/http://cdn.meme.am/instances/250x250/10179853.jpg,Success Kid,http://webarchive.loc.gov/all/0/http://memegenerator.net/instance/10179853,88f5bf522f73e5e75859066b8e913708,9844
10179878,http://webarchive.loc.gov/all/20150914175309/http://cdn.meme.am/instances/250x250/10179878.jpg,Success Kid,http://webarchive.loc.gov/all/0/http://memegenerator.net/instance/10179878,ccdbcfc24af60f54110a82d74809e2e3,9685
10179892,http://webarchive.loc.gov/all/20150914175307/http://cdn.meme.am/instances/250x250/10179892.jpg,Success Kid,http://webarchive.loc.gov/all/0/http://memegenerator.net/instance/10179892,4998fc01f7d197422f66ccf03ff222ec,9835
10179896,http://webarchive.loc.gov/all/20150517213618/http://cdn.meme.am/instances/250x250/10179896.jpg,Y U No,http://webarchive.loc.gov/all/0/http://memegenerator.net/instance/10179896,14232b77109dee1f9f67eb7b6a6db0e2,9653
10179930,http://webarchive.loc.gov/all/20150517213614/http://cdn.meme.am/instances/250x250/10179930.jpg,Y U No,http://webarchive.loc.gov/all/0/http://memegenerator.net/instance/10179930,9a1924f791ee245076d127d552b38bdb,13315
10179959,http://webarchive.loc.gov/all/20141012165232/http://cdn.meme.am/instances/250x250/10179959.jpg,Мужик блеать!q,http://webarchive.loc.gov/all/0/http://memegenerator.net/instance/10179959,9c1e709cf92e4a68099ba639658fdf9b,9946
10179968,http://webarchive.loc.gov/all/20150517213611/http://cdn.meme.am/instances/250x250/10179968.jpg,Y U No,http://webarchive.loc.gov/all/0/http://memegenerator.net/instance/10179968,e87ee64eddec19c413aead5ea52233d1,10813
10180094,http://webarchive.loc.gov/all/20151207050441/http://cdn.meme.am/instances/250x250/10180094.jpg,Joseph Ducreux,http://webarchive.loc.gov/all/0/http://memegenerator.net/instance/10180094,2b9f0719eada50a44361b6caaa8ed4ce,12640
10180115,http://webarchive.loc.gov/all/20151213150123/http://cdn.meme.am/instances/250x250/10180115.jpg,Forever Alone,http://webarchive.loc.gov/all/0/http://memegenerator.net/instance/10180115,dd09dfd61732f3d2fb6f30d58215f9a8,10682
10180128,http://webarchive.loc.gov/all/20151213150117/http://cdn.meme.am/instances/250x250/10180128.jpg,Forever Alone,http://webarchive.loc.gov/all/0/http://memegenerator.net/instance/10180128,12f0a7fad52cb907b1f898dce0c04e49,10740
10180141,http://webarchive.loc.gov/all/20151202155042/http://cdn.meme.am/instances/250x250/10180141.jpg,Socially Awkward Penguin,http://webarchive.loc.gov/all/0/http://memegenerator.net/instance/10180141,61b1356aef0b88df2a4588459374ad1f,10176
10180153,http://webarchive.loc.gov/all/20151213150113/http://cdn.meme.am/instances/250x250/10180153.jpg,Forever Alone,http://webarchive.loc.gov/all/0/http://memegenerator.net/instance/10180153,12f0a7fad52cb907b1f898dce0c04e49,10740
10180205,http://webarchive.loc.gov/all/20151206191828/http://cdn.meme.am/instances/250x250/10180205.jpg,Socially Awkward Penguin,http://webarchive.loc.gov/all/0/http://memegenerator.net/instance/10180205,1a9c43102c5374d802fa1a5836cbce73,12211
10180234,http://webarchive.loc.gov/all/20150909233747/http://cdn.meme.am/instances/250x250/10180234.jpg,Annoying Facebook Girl,http://webarchive.loc.gov/all/0/http://memegenerator.net/instance/10180234,a57bc5bb4ebd005f8504cb2683eb6811,11713
10180235,http://webarchive.loc.gov/all/20150914175305/http://cdn.meme.am/instances/250x250/10180235.jpg,Success Kid,http://webarchive.loc.gov/all/0/http://memegenerator.net/instance/10180235,f4877c00e2f03385e2c4ebd0830a8b37,9489
10180245,http://webarchive.loc.gov/all/20150519052924/http://cdn.meme.am/instances/250x250/10180245.jpg,Insanity Wolf,http://webarchive.loc.gov/all/0/http://memegenerator.net/instance/10180245,3523792bbb9adbc13038cbee3b4a1f9a,14285
10180250,http://webarchive.loc.gov/all/20150913195518/http://cdn.meme.am/instances/250x250/10180250.jpg,Futurama Fry,http://webarchive.loc.gov/all/0/http://memegenerator.net/instance/10180250,48a23914b58198db650f4a0c7cc2f7dd,12109
10180259,http://webarchive.loc.gov/all/20151202152606/http://cdn.meme.am/instances/250x250/10180259.jpg,Socially Awkward Penguin,http://webarchive.loc.gov/all/0/http://memegenerator.net/instance/10180259,181427403a29938cddded745a89adc76,11174
10180274,http://webarchive.loc.gov/all/20150519052921/http://cdn.meme.am/instances/250x250/10180274.jpg,Insanity Wolf,http://webarchive.loc.gov/all/0/http://memegenerator.net/instance/10180274,7375f6247a080839b35abe53ab22c1c6,14374
10180335,http://webarchive.loc.gov/all/20150312233254/http://cdn.meme.am/instances/250x250/10180335.jpg,pupil56,http://webarchive.loc.gov/all/0/http://memegenerator.net/instance/10180335,26347d4d33249941c38e8c80ba65cd68,17869
10180354,http://webarchive.loc.gov/all/20150312233258/http://cdn.meme.am/instances/250x250/10180354.jpg,Omsk Crow,http://webarchive.loc.gov/all/0/http://memegenerator.net/instance/10180354,47c6d1444d434321bc370fb5e7add9fa,24389
10180365,http://webarchive.loc.gov/all/20150819150120/http://cdn.meme.am/instances/250x250/10180365.jpg,Insanity Wolf,http://webarchive.loc.gov/all/0/http://memegenerator.net/instance/10180365,12ec8022f9f2d49eff310f3c88296632,16591
10180366,http://webarchive.loc.gov/all/20151123080842/http://cdn.meme.am/instances/250x250/10180366.jpg,Butthurt Dweller,http://webarchive.loc.gov/all/0/http://memegenerator.net/instance/10180366,c4e0b082fd8d765759e80e841c7aa29f,12576
10180403,http://webarchive.loc.gov/all/20150819150117/http://cdn.meme.am/instances/250x250/10180403.jpg,Insanity Wolf,http://webarchive.loc.gov/all/0/http://memegenerator.net/instance/10180403,747e4549f341f93025381c802bcdd529,14627
10180416,http://webarchive.loc.gov/all/20151211163513/http://cdn.meme.am/instances/250x250/10180416.jpg,Philosoraptor,http://webarchive.loc.gov/all/0/http://memegenerator.net/instance/10180416,e939605aad943712899e42a41af28c16,15352
10180418,http://webarchive.loc.gov/all/20151211163509/http://cdn.meme.am/instances/250x250/10180418.jpg,Philosoraptor,http://webarchive.loc.gov/all/0/http://memegenerator.net/instance/10180418,e939605aad943712899e42a41af28c16,15352
10180439,http://webarchive.loc.gov/all/20150310125736/http://cdn.meme.am/instances/250x250/10180439.jpg,Courage Wolf,http://webarchive.loc.gov/all/0/http://memegenerator.net/instance/10180439,fae5582ee4546bf73169f521b1d5d8b8,12817
10180447,http://webarchive.loc.gov/all/20150517213607/http://cdn.meme.am/instances/250x250/10180447.jpg,Y U No,http://webarchive.loc.gov/all/0/http://memegenerator.net/instance/10180447,d760066fb1b88bdc365e9a67f5bb96ad,11151
10180452,http://webarchive.loc.gov/all/20150918085308/http://cdn.meme.am/instances/250x250/10180452.jpg,Progressive Guitarist,http://webarchive.loc.gov/all/0/http://memegenerator.net/instance/10180452,c4b9c4c7f46a146f1ae59a57af52252e,14514
10180459,http://webarchive.loc.gov/all/20150312233239/http://cdn.meme.am/instances/250x250/10180459.jpg,Progressive Drummer,http://webarchive.loc.gov/all/0/http://memegenerator.net/instance/10180459,e38d242f13a4ec37f7e65ecdd8f4135f,15919
10180480,http://webarchive.loc.gov/all/20151108183826/http://cdn.meme.am/instances/250x250/10180480.jpg,Advice Yoda Gives,http://webarchive.loc.gov/all/0/http://memegenerator.net/instance/10180480,f333b554b5b202e514d9f4e3158263f5,11376
10180484,http://webarchive.loc.gov/all/20150710212140/http://cdn.meme.am/instances/250x250/10180484.jpg,Hipster Kitty,http://webarchive.loc.gov/all/0/http://memegenerator.net/instance/10180484,ecb7f0b1bad0b71428c1081480710c14,11483
10180485,http://webarchive.loc.gov/all/20150913195514/http://cdn.meme.am/instances/250x250/10180485.jpg,Futurama Fry,http://webarchive.loc.gov/all/0/http://memegenerator.net/instance/10180485,4abe4c8f11e72d1b00812afd228fdb87,12939
10180496,http://webarchive.loc.gov/all/20150914134143/http://cdn.meme.am/instances/250x250/10180496.jpg,Consequences Toy Story,http://webarchive.loc.gov/all/0/http://memegenerator.net/instance/10180496,bedd25b45ccae618e5d396cd2f1f29d3,14433
10180501,http://webarchive.loc.gov/all/20151108183824/http://cdn.meme.am/instances/250x250/10180501.jpg,Advice Yoda Gives,http://webarchive.loc.gov/all/0/http://memegenerator.net/instance/10180501,4a441270a4da3ff3ef89816a7e117d87,11538
10180529,http://webarchive.loc.gov/all/20151202152602/http://cdn.meme.am/instances/250x250/10180529.jpg,Socially Awkward Penguin,http://webarchive.loc.gov/all/0/http://memegenerator.net/instance/10180529,f07e10e929a4eed06b32c34f331f226a,11065
10180567,http://webarchive.loc.gov/all/20151202152558/http://cdn.meme.am/instances/250x250/10180567.jpg,Socially Awkward Penguin,http://webarchive.loc.gov/all/0/http://memegenerator.net/instance/10180567,e85019a006c4f8db3c6c10f9e2597b26,9936
10180582,http://webarchive.loc.gov/all/20151203214636/http://cdn.meme.am/instances/250x250/10180582.jpg,Y U No,http://webarchive.loc.gov/all/0/http://memegenerator.net/instance/10180582,672d66abfb7ff27027085c317b82b55e,9932
10180625,http://webarchive.loc.gov/all/20150914175303/http://cdn.meme.am/instances/250x250/10180625.jpg,Success Kid,http://webarchive.loc.gov/all/0/http://memegenerator.net/instance/10180625,1815bcd9de573ceda670a0083d1ec5d4,11220
10180685,http://webarchive.loc.gov/all/20151203214631/http://cdn.meme.am/instances/250x250/10180685.jpg,Y U No,http://webarchive.loc.gov/all/0/http://memegenerator.net/instance/10180685,71aec9ac0a702da34178bd5d1cabe540,9092
10180688,http://webarchive.loc.gov/all/20150518172748/http://cdn.meme.am/instances/250x250/10180688.jpg,Foul Bachelor Frog,http://webarchive.loc.gov/all/0/http://memegenerator.net/instance/10180688,bc1dd9c4e9540025a47ad0f49305e606,11863
10180704,http://webarchive.loc.gov/all/20150518172745/http://cdn.meme.am/instances/250x250/10180704.jpg,Foul Bachelor Frog,http://webarchive.loc.gov/all/0/http://memegenerator.net/instance/10180704,c1e108b269b6555ec517e9d3d8e0c328,10641
10180745,http://webarchive.loc.gov/all/20150519052917/http://cdn.meme.am/instances/250x250/10180745.jpg,Insanity Wolf,http://webarchive.loc.gov/all/0/http://memegenerator.net/instance/10180745,cdae1c05230daa1a441eb84b16ea554a,14577
10180756,http://webarchive.loc.gov/all/20150312233235/http://cdn.meme.am/instances/250x250/10180756.jpg,Russian Boozer,http://webarchive.loc.gov/all/0/http://memegenerator.net/instance/10180756,836419e9e2c493ced6f0e789214c8e6f,21881
10180775,http://webarchive.loc.gov/all/20151203033413/http://cdn.meme.am/instances/250x250/10180775.jpg,Joseph Ducreux,http://webarchive.loc.gov/all/0/http://memegenerator.net/instance/10180775,8e5447a695b8b63d41a605775245f9bb,13688
10180797,http://webarchive.loc.gov/all/20150913195511/http://cdn.meme.am/instances/250x250/10180797.jpg,Futurama Fry,http://webarchive.loc.gov/all/0/http://memegenerator.net/instance/10180797,072b794e1e7bbd3300db8d3149ab082c,12443
10180822,http://webarchive.loc.gov/all/20151211163504/http://cdn.meme.am/instances/250x250/10180822.jpg,Philosoraptor,http://webarchive.loc.gov/all/0/http://memegenerator.net/instance/10180822,586636b2da7f933f96ca01f99b606bbf,12466
10180846,http://webarchive.loc.gov/all/20150517213603/http://cdn.meme.am/instances/250x250/10180846.jpg,Y U No,http://webarchive.loc.gov/all/0/http://memegenerator.net/instance/10180846,4c797bd1e9e2e70e6c63d998aec976f1,12265
10180864,http://webarchive.loc.gov/all/20150312233231/http://cdn.meme.am/instances/250x250/10180864.jpg,Spagetti,http://webarchive.loc.gov/all/0/http://memegenerator.net/instance/10180864,834b2dd56fbd6ab56598e206ab830e80,10559
10180929,http://webarchive.loc.gov/all/20150517213559/http://cdn.meme.am/instances/250x250/10180929.jpg,Y U No,http://webarchive.loc.gov/all/0/http://memegenerator.net/instance/10180929,01b002c201fe19bfe11711a3cd20da00,11476
10180937,http://webarchive.loc.gov/all/20150914134141/http://cdn.meme.am/instances/250x250/10180937.jpg,Consequences Toy Story,http://webarchive.loc.gov/all/0/http://memegenerator.net/instance/10180937,e35ca5c225145c878b0ccdda00dc3a78,14857
10180986,http://webarchive.loc.gov/all/20151203214627/http://cdn.meme.am/instances/250x250/10180986.jpg,Y U No,http://webarchive.loc.gov/all/0/http://memegenerator.net/instance/10180986,d1fdf1442cce7db7e0c0c30755317f04,12883
10181004,http://webarchive.loc.gov/all/20151123080838/http://cdn.meme.am/instances/250x250/10181004.jpg,Butthurt Dweller,http://webarchive.loc.gov/all/0/http://memegenerator.net/instance/10181004,aacebf883935c616678c45b41e72e6a1,13197
10181023,http://webarchive.loc.gov/all/20151203214620/http://cdn.meme.am/instances/250x250/10181023.jpg,Y U No,http://webarchive.loc.gov/all/0/http://memegenerator.net/instance/10181023,063747780898440a379b71db43bd3b45,12948
10181044,http://webarchive.loc.gov/all/20150909233745/http://cdn.meme.am/instances/250x250/10181044.jpg,Annoying Facebook Girl,http://webarchive.loc.gov/all/0/http://memegenerator.net/instance/10181044,55649f788fb8221a1293d9988b42a8ac,10629
10181045,http://webarchive.loc.gov/all/20151202152555/http://cdn.meme.am/instances/250x250/10181045.jpg,Socially Awkward Penguin,http://webarchive.loc.gov/all/0/http://memegenerator.net/instance/10181045,8d0b8e6f95be410b8b0fa3e632270e25,10796
10181051,http://webarchive.loc.gov/all/20151211163459/http://cdn.meme.am/instances/250x250/10181051.jpg,Philosoraptor,http://webarchive.loc.gov/all/0/http://memegenerator.net/instance/10181051,1337ae7ec3a0a93c59cdd2092a37f179,14010
10181084,http://webarchive.loc.gov/all/20150519165717/http://cdn.meme.am/instances/250x250/10181084.jpg,Futurama Fry,http://webarchive.loc.gov/all/0/http://memegenerator.net/instance/10181084,74cb693d6f86d7b1680ef7490bedb1e3,12636
10181087,http://webarchive.loc.gov/all/20151213150108/http://cdn.meme.am/instances/250x250/10181087.jpg,Forever Alone,http://webarchive.loc.gov/all/0/http://memegenerator.net/instance/10181087,1b4892117ef6b169cbb2d053b1ff6102,10206
10181100,http://webarchive.loc.gov/all/20150518172738/http://cdn.meme.am/instances/250x250/10181100.jpg,Foul Bachelor Frog,http://webarchive.loc.gov/all/0/http://memegenerator.net/instance/10181100,f4cf7fb5d0863ae581e1076b52734667,11039
10181111,http://webarchive.loc.gov/all/20151211163455/http://cdn.meme.am/instances/250x250/10181111.jpg,Philosoraptor,http://webarchive.loc.gov/all/0/http://memegenerator.net/instance/10181111,b68a452e6e2064e63f4ac83c096f2c7b,13096
10181120,http://webarchive.loc.gov/all/20150519165713/http://cdn.meme.am/instances/250x250/10181120.jpg,Futurama Fry,http://webarchive.loc.gov/all/0/http://memegenerator.net/instance/10181120,f92afe43dd7f2c358362cc9e7858687d,13534
10181129,http://webarchive.loc.gov/all/20151211163449/http://cdn.meme.am/instances/250x250/10181129.jpg,Philosoraptor,http://webarchive.loc.gov/all/0/http://memegenerator.net/instance/10181129,b02658e034b9ecec069670bfd4d413a6,12799
10181139,http://webarchive.loc.gov/all/20151209195303/http://cdn.meme.am/instances/250x250/10181139.jpg,Advice God,http://webarchive.loc.gov/all/0/http://memegenerator.net/instance/10181139,989763ba559bb8cc4795b54c7e1eacd5,12758
10181145,http://webarchive.loc.gov/all/20150518172733/http://cdn.meme.am/instances/250x250/10181145.jpg,Foul Bachelor Frog,http://webarchive.loc.gov/all/0/http://memegenerator.net/instance/10181145,b41d6a33417961ff9c8520d9a28a2b01,10705
10181166,http://webarchive.loc.gov/all/20150405183512/http://cdn.meme.am/instances/250x250/10181166.jpg,The Most Interesting Man In The World,http://webarchive.loc.gov/all/0/http://memegenerator.net/instance/10181166,0c955fcacf30c54385753e4af276d302,15132
10181187,http://webarchive.loc.gov/all/20150909233742/http://cdn.meme.am/instances/250x250/10181187.jpg,Annoying Facebook Girl,http://webarchive.loc.gov/all/0/http://memegenerator.net/instance/10181187,9a8282a6c0d75c8218b7f066f20e0801,11553
10181216,http://webarchive.loc.gov/all/20150315130217/http://cdn.meme.am/instances/250x250/10181216.jpg,Good Guy Greg,http://webarchive.loc.gov/all/0/http://memegenerator.net/instance/10181216,e6242dd9ff11e7f0ce29e0bbd52c0503,11010
10181223,http://webarchive.loc.gov/all/20151211163445/http://cdn.meme.am/instances/250x250/10181223.jpg,Philosoraptor,http://webarchive.loc.gov/all/0/http://memegenerator.net/instance/10181223,eaaae0d7274f06af92901780c5a6a2d2,12005
10181236,http://webarchive.loc.gov/all/20160307115553/http://cdn.meme.am/instances/250x250/10181236.jpg,Philosoraptor,http://webarchive.loc.gov/all/0/http://memegenerator.net/instance/10181236,da5d03eea23e47b900969a4a164d035d,13989
10181237,http://webarchive.loc.gov/all/20150517013805/http://cdn.meme.am/instances/250x250/10181237.jpg,Yo Dawg,http://webarchive.loc.gov/all/0/http://memegenerator.net/instance/10181237,df747610bea7a7533db3c048d3a9ee0e,11684
10181258,http://webarchive.loc.gov/all/20150617042951/http://cdn.meme.am/instances/250x250/10181258.jpg,Spongebob,http://webarchive.loc.gov/all/0/http://memegenerator.net/instance/10181258,64551ad614e552b6936895617e95ea31,16841
10181259,http://webarchive.loc.gov/all/20150617042949/http://cdn.meme.am/instances/250x250/10181259.jpg,Spongebob,http://webarchive.loc.gov/all/0/http://memegenerator.net/instance/10181259,64551ad614e552b6936895617e95ea31,16841
10181262,http://webarchive.loc.gov/all/20151203214614/http://cdn.meme.am/instances/250x250/10181262.jpg,Y U No,http://webarchive.loc.gov/all/0/http://memegenerator.net/instance/10181262,6e5c58a2059b0ce1a76601bfbbfa74e0,12635
10181293,http://webarchive.loc.gov/all/20160307115550/http://cdn.meme.am/instances/250x250/10181293.jpg,Philosoraptor,http://webarchive.loc.gov/all/0/http://memegenerator.net/instance/10181293,da5d03eea23e47b900969a4a164d035d,13989
10181333,http://webarchive.loc.gov/all/20150510071036/http://cdn.meme.am/instances/250x250/10181333.jpg,Paranoid Parrot,http://webarchive.loc.gov/all/0/http://memegenerator.net/instance/10181333,e796908f287a8c03afc992185c0eec9b,13718
10181405,http://webarchive.loc.gov/all/20151126073800/http://cdn.meme.am/instances/250x250/10181405.jpg,Advice Hitler,http://webarchive.loc.gov/all/0/http://memegenerator.net/instance/10181405,89733ed884908e5501da660792bcc533,11627
10181435,http://webarchive.loc.gov/all/20151211043117/http://cdn.meme.am/instances/250x250/10181435.jpg,Victory Baby,http://webarchive.loc.gov/all/0/http://memegenerator.net/instance/10181435,4db30bd6801af1a080c584765e02a8e5,13202
10181451,http://webarchive.loc.gov/all/20150810083222/http://cdn.meme.am/instances/250x250/10181451.jpg,Caszely,http://webarchive.loc.gov/all/0/http://memegenerator.net/instance/10181451,2780a413d409e5e37a9f5d24d98da63b,19696
10181468,http://webarchive.loc.gov/all/20151203214611/http://cdn.meme.am/instances/250x250/10181468.jpg,Y U No,http://webarchive.loc.gov/all/0/http://memegenerator.net/instance/10181468,c2d20cf9cb747ab61c09696e77cb96eb,11819
10181480,http://webarchive.loc.gov/all/20151203213043/http://cdn.meme.am/instances/250x250/10181480.jpg,Y U No,http://webarchive.loc.gov/all/0/http://memegenerator.net/instance/10181480,12a455eac89595c76f298b0e14e1a922,11838
10181492,http://webarchive.loc.gov/all/20151203213038/http://cdn.meme.am/instances/250x250/10181492.jpg,Y U No,http://webarchive.loc.gov/all/0/http://memegenerator.net/instance/10181492,b52461d20be660a89e2a61832bee2494,11384
10181515,http://webarchive.loc.gov/all/20151203213033/http://cdn.meme.am/instances/250x250/10181515.jpg,Y U No,http://webarchive.loc.gov/all/0/http://memegenerator.net/instance/10181515,d93650bb0da7b9cc3f500185e686de9f,11398
10181521,http://webarchive.loc.gov/all/20151203213030/http://cdn.meme.am/instances/250x250/10181521.jpg,Y U No,http://webarchive.loc.gov/all/0/http://memegenerator.net/instance/10181521,d93650bb0da7b9cc3f500185e686de9f,11398
10181523,http://webarchive.loc.gov/all/20160225111149/http://cdn.meme.am/instances/250x250/10181523.jpg,Science Cat,http://webarchive.loc.gov/all/0/http://memegenerator.net/instance/10181523,c6aeec49aba15ad55227ec64a881a3c7,16559
10181536,http://webarchive.loc.gov/all/20150819150114/http://cdn.meme.am/instances/250x250/10181536.jpg,Insanity Wolf,http://webarchive.loc.gov/all/0/http://memegenerator.net/instance/10181536,e465159ca33c9eff82b252b7046cc687,15447
10181558,http://webarchive.loc.gov/all/20151203213024/http://cdn.meme.am/instances/250x250/10181558.jpg,Y U No,http://webarchive.loc.gov/all/0/http://memegenerator.net/instance/10181558,853532ce432f9c91cd3748e994b24c4b,12025
10181587,http://webarchive.loc.gov/all/20151203213020/http://cdn.meme.am/instances/250x250/10181587.jpg,Y U No,http://webarchive.loc.gov/all/0/http://memegenerator.net/instance/10181587,977db6edb79857ec054bd13f76dd8d37,8840
10181615,http://webarchive.loc.gov/all/20150615134208/http://cdn.meme.am/instances/250x250/10181615.jpg,Vengeance Dad,http://webarchive.loc.gov/all/0/http://memegenerator.net/instance/10181615,08c27aa623cd2773714d0f080d751fb3,16423
10181679,http://webarchive.loc.gov/all/20151203213016/http://cdn.meme.am/instances/250x250/10181679.jpg,Y U No,http://webarchive.loc.gov/all/0/http://memegenerator.net/instance/10181679,4c16a971af49e47c289ff4a3f51bbe9c,12427
10181681,http://webarchive.loc.gov/all/20150910193307/http://cdn.meme.am/instances/250x250/10181681.jpg,Spongebob Face,http://webarchive.loc.gov/all/0/http://memegenerator.net/instance/10181681,17308fc19b76e71fcbb795e4997f39db,13573
10181713,http://webarchive.loc.gov/all/20150519164626/http://cdn.meme.am/instances/250x250/10181713.jpg,Futurama Fry,http://webarchive.loc.gov/all/0/http://memegenerator.net/instance/10181713,0d66b9f6f21c191f31f985091e40f690,13135
10181731,http://webarchive.loc.gov/all/20150510071023/http://cdn.meme.am/instances/250x250/10181731.jpg,Russian Boozer,http://webarchive.loc.gov/all/0/http://memegenerator.net/instance/10181731,83015dafc03275a840f0780f715936f6,21984
10181748,http://webarchive.loc.gov/all/20150819150110/http://cdn.meme.am/instances/250x250/10181748.jpg,Insanity Wolf,http://webarchive.loc.gov/all/0/http://memegenerator.net/instance/10181748,b3b990563945cfb8f189696c6f3686f0,15401
10181756,http://webarchive.loc.gov/all/20150519164624/http://cdn.meme.am/instances/250x250/10181756.jpg,Futurama Fry,http://webarchive.loc.gov/all/0/http://memegenerator.net/instance/10181756,7f5aff325ee46f76ba26f565c8c6b666,13726
10181785,http://webarchive.loc.gov/all/20160618102616/https://cdn.meme.am/instances/250x250/10181785.jpg,Advice God,http://memegenerator.net/instance/10181785,4e32c2992f668b96200e449aaef471b8,13450
10181923,http://webarchive.loc.gov/all/20150610054345/http://cdn.meme.am/instances/250x250/10181923.jpg,Wrong Lyrics Christina Aguilera,http://memegenerator.net/instance/10181923,9c445fb6a12425a6b008fe4ecd78ccf3,11825
10182002,http://webarchive.loc.gov/all/20150917065330/http://cdn.meme.am/instances/250x250/10182002.jpg,Patrick,http://webarchive.loc.gov/all/0/http://memegenerator.net/instance/10182002,16e36870891762c1618e84e4d04d3943,17413
10182047,http://webarchive.loc.gov/all/20150914175300/http://cdn.meme.am/instances/250x250/10182047.jpg,Success Kid,http://webarchive.loc.gov/all/0/http://memegenerator.net/instance/10182047,021cc0d8cccc721b9a3255649888d2ea,9433
10182068,http://webarchive.loc.gov/all/20150510071019/http://cdn.meme.am/instances/250x250/10182068.jpg,Omsk Crow,http://webarchive.loc.gov/all/0/http://memegenerator.net/instance/10182068,099cb850c3fc7bee3cc44bccdc6ea4b2,24271
10182101,http://webarchive.loc.gov/all/20160307115546/http://cdn.meme.am/instances/250x250/10182101.jpg,Philosoraptor,http://webarchive.loc.gov/all/0/http://memegenerator.net/instance/10182101,9911b29733cd654702d5c96357d0b185,14689
10182115,http://webarchive.loc.gov/all/20151203210617/http://cdn.meme.am/instances/250x250/10182115.jpg,Y U No,http://webarchive.loc.gov/all/0/http://memegenerator.net/instance/10182115,087f4e123e3b6e28662e4f8738e9739a,11293
10182123,http://webarchive.loc.gov/all/20151203210613/http://cdn.meme.am/instances/250x250/10182123.jpg,Y U No,http://webarchive.loc.gov/all/0/http://memegenerator.net/instance/10182123,087f4e123e3b6e28662e4f8738e9739a,11293
10182150,http://webarchive.loc.gov/all/20150917065327/http://cdn.meme.am/instances/250x250/10182150.jpg,Patrick,http://webarchive.loc.gov/all/0/http://memegenerator.net/instance/10182150,2dcf0bfc8fefc9050ffc3553befcdbfb,17637
10182164,http://webarchive.loc.gov/all/20150917065324/http://cdn.meme.am/instances/250x250/10182164.jpg,Patrick,http://webarchive.loc.gov/all/0/http://memegenerator.net/instance/10182164,2dcf0bfc8fefc9050ffc3553befcdbfb,17637
10182192,http://webarchive.loc.gov/all/20150917065322/http://cdn.meme.am/instances/250x250/10182192.jpg,Patrick,http://webarchive.loc.gov/all/0/http://memegenerator.net/instance/10182192,4bdb0f6e45c13b84f2c1e47ba81b7d34,17542
10182219,http://webarchive.loc.gov/all/20150917065318/http://cdn.meme.am/instances/250x250/10182219.jpg,Patrick,http://webarchive.loc.gov/all/0/http://memegenerator.net/instance/10182219,2dcf0bfc8fefc9050ffc3553befcdbfb,17637
10182358,http://webarchive.loc.gov/all/20160307115543/http://cdn.meme.am/instances/250x250/10182358.jpg,Philosoraptor,http://webarchive.loc.gov/all/0/http://memegenerator.net/instance/10182358,90ededa9a68815e3d0b11a3f748af768,14059
10182391,http://webarchive.loc.gov/all/20160307115537/http://cdn.meme.am/instances/250x250/10182391.jpg,Philosoraptor,http://webarchive.loc.gov/all/0/http://memegenerator.net/instance/10182391,9822fb103f023ee2bcbdb8d3833e654e,14359
10182484,http://webarchive.loc.gov/all/20150912013357/http://cdn.meme.am/instances/250x250/10182484.jpg,The Most Interesting Man In The World,http://webarchive.loc.gov/all/0/http://memegenerator.net/instance/10182484,5c1dd3bc7633da8a466354801a71bab3,16567
10182498,http://webarchive.loc.gov/all/20150912013355/http://cdn.meme.am/instances/250x250/10182498.jpg,The Most Interesting Man In The World,http://webarchive.loc.gov/all/0/http://memegenerator.net/instance/10182498,cc57b3b008ded0066c2b16c541805dee,16361
10182508,http://webarchive.loc.gov/all/20150519164620/http://cdn.meme.am/instances/250x250/10182508.jpg,Futurama Fry,http://webarchive.loc.gov/all/0/http://memegenerator.net/instance/10182508,b42ec261dffaa79170a4c892337cec6b,13342
10182517,http://webarchive.loc.gov/all/20150912013352/http://cdn.meme.am/instances/250x250/10182517.jpg,The Most Interesting Man In The World,http://webarchive.loc.gov/all/0/http://memegenerator.net/instance/10182517,ef44fc41136fa99ba9f4729552e770bb,16347
10182520,http://webarchive.loc.gov/all/20150912013349/http://cdn.meme.am/instances/250x250/10182520.jpg,The Most Interesting Man In The World,http://webarchive.loc.gov/all/0/http://memegenerator.net/instance/10182520,ef44fc41136fa99ba9f4729552e770bb,16347
10182578,http://webarchive.loc.gov/all/20150703033056/http://cdn.meme.am/instances/250x250/10182578.jpg,Hipster Kitty,http://webarchive.loc.gov/all/0/http://memegenerator.net/instance/10182578,281af8fd98190d4058e7ce521dfcffc0,14651
10182652,http://webarchive.loc.gov/all/20150519164617/http://cdn.meme.am/instances/250x250/10182652.jpg,Futurama Fry,http://webarchive.loc.gov/all/0/http://memegenerator.net/instance/10182652,1317c23831ed5576b804674274b3016e,13501
10182680,http://webarchive.loc.gov/all/20151207050437/http://cdn.meme.am/instances/250x250/10182680.jpg,Joseph Ducreux,http://webarchive.loc.gov/all/0/http://memegenerator.net/instance/10182680,9b757f4f571415bc1adb02d46855f575,13633
10182696,http://webarchive.loc.gov/all/20151211222445/http://cdn.meme.am/instances/250x250/10182696.jpg,Advice Hitler,http://webarchive.loc.gov/all/0/http://memegenerator.net/instance/10182696,9783f580621f5281719cd2070474aa29,11546
10182698,http://webarchive.loc.gov/all/20151207050431/http://cdn.meme.am/instances/250x250/10182698.jpg,Joseph Ducreux,http://webarchive.loc.gov/all/0/http://memegenerator.net/instance/10182698,9b757f4f571415bc1adb02d46855f575,13633
10182700,http://webarchive.loc.gov/all/20150819150107/http://cdn.meme.am/instances/250x250/10182700.jpg,Insanity Wolf,http://webarchive.loc.gov/all/0/http://memegenerator.net/instance/10182700,87809f49b0b529e7a634fe7689570ee2,15134
10182701,http://webarchive.loc.gov/all/20160614131320/https://cdn.meme.am/instances/250x250/10182701.jpg,Chronic Illness Cat,http://webarchive.loc.gov/all/0/http://memegenerator.net/instance/10182701,958fe217ab2feca3b147d77beefdab2a,12684
10182746,http://webarchive.loc.gov/all/20150819150103/http://cdn.meme.am/instances/250x250/10182746.jpg,Insanity Wolf,http://webarchive.loc.gov/all/0/http://memegenerator.net/instance/10182746,77c5ee8b6469e7075bd6934efffc80e6,15653
10182751,http://webarchive.loc.gov/all/20150519164615/http://cdn.meme.am/instances/250x250/10182751.jpg,Futurama Fry,http://webarchive.loc.gov/all/0/http://memegenerator.net/instance/10182751,8983c7909a5789ebc99671a388441f68,13338
10182799,http://webarchive.loc.gov/all/20160808142929/https://cdn.meme.am/instances/250x250/10182799.jpg,Angry School Boy,http://webarchive.loc.gov/all/0/http://memegenerator.net/instance/10182799,4db81d4d498192f05f022c1ad6b12ec8,11219
10182825,http://webarchive.loc.gov/all/20150519164612/http://cdn.meme.am/instances/250x250/10182825.jpg,Futurama Fry,http://webarchive.loc.gov/all/0/http://memegenerator.net/instance/10182825,f8f1a3c67b3c279a4f2464c70e612142,14147
10182834,http://webarchive.loc.gov/all/20150519164609/http://cdn.meme.am/instances/250x250/10182834.jpg,Futurama Fry,http://webarchive.loc.gov/all/0/http://memegenerator.net/instance/10182834,98ed4242d450c8b7f6f2920095f7e2df,10775
10182857,http://webarchive.loc.gov/all/20150519164606/http://cdn.meme.am/instances/250x250/10182857.jpg,Futurama Fry,http://webarchive.loc.gov/all/0/http://memegenerator.net/instance/10182857,8299602ceb4122c3e6f057d419630d1f,12020
10182866,http://webarchive.loc.gov/all/20150819150059/http://cdn.meme.am/instances/250x250/10182866.jpg,Insanity Wolf,http://webarchive.loc.gov/all/0/http://memegenerator.net/instance/10182866,157867926a54b5a33035290d6d596525,15710
10182867,http://webarchive.loc.gov/all/20150908172534/http://cdn.meme.am/instances/250x250/10182867.jpg,Tseverywhere,http://webarchive.loc.gov/all/0/http://memegenerator.net/instance/10182867,ccdebe0177e0e372293662ebf6522c96,14134
10182879,http://webarchive.loc.gov/all/20150605024209/http://cdn.meme.am/instances/250x250/10182879.jpg,Spongebob,http://webarchive.loc.gov/all/0/http://memegenerator.net/instance/10182879,c3dc24d7237f5d6503031583b0fcccfe,9779
10182904,http://webarchive.loc.gov/all/20150819150055/http://cdn.meme.am/instances/250x250/10182904.jpg,Insanity Wolf,http://webarchive.loc.gov/all/0/http://memegenerator.net/instance/10182904,3db6eeca9a8d4d278e6e3d23e66d2191,15234
10182979,http://webarchive.loc.gov/all/20151212065112/http://cdn.meme.am/instances/250x250/10182979.jpg,Advice Yoda Gives,http://webarchive.loc.gov/all/0/http://memegenerator.net/instance/10182979,170a038fa689c309fe62f2426281a496,12277
10182995,http://webarchive.loc.gov/all/20151212065108/http://cdn.meme.am/instances/250x250/10182995.jpg,Advice Yoda Gives,http://webarchive.loc.gov/all/0/http://memegenerator.net/instance/10182995,170a038fa689c309fe62f2426281a496,12277
10183028,http://webarchive.loc.gov/all/20150908160426/http://cdn.meme.am/instances/250x250/10183028.jpg,Toy Story Everywhere,http://webarchive.loc.gov/all/0/http://memegenerator.net/instance/10183028,efcc1015c30515851a2af9c84e7eb435,16636
10183055,http://webarchive.loc.gov/all/20150318161730/http://cdn.meme.am/instances/250x250/10183055.jpg,Butthurt Dweller,http://webarchive.loc.gov/all/0/http://memegenerator.net/instance/10183055,3025d488e5f84fe5eb855d4d3936b77c,13385
10183062,http://webarchive.loc.gov/all/20160611234853/https://cdn.meme.am/instances/250x250/10183062.jpg,Aspie Alligator,http://webarchive.loc.gov/all/0/http://memegenerator.net/instance/10183062,c0dbe9c066511c636f1fcb70ca9b9f57,14970
10183089,http://webarchive.loc.gov/all/20150519164604/http://cdn.meme.am/instances/250x250/10183089.jpg,Futurama Fry,http://webarchive.loc.gov/all/0/http://memegenerator.net/instance/10183089,c3b76bce5dad2ec476e5d107b44f6cf2,14777
10183198,http://webarchive.loc.gov/all/20150914134139/http://cdn.meme.am/instances/250x250/10183198.jpg,Consequences Toy Story,http://webarchive.loc.gov/all/0/http://memegenerator.net/instance/10183198,ab8659a49bf7ae6bc1286c2d4db80ee8,14887
10183332,http://webarchive.loc.gov/all/20151207050425/http://cdn.meme.am/instances/250x250/10183332.jpg,Joseph Ducreux,http://webarchive.loc.gov/all/0/http://memegenerator.net/instance/10183332,6aa7092c3a29ae4feeabfec7a02b16ac,13715
